O-D pairs,1,2,3,4,5,6,9,10,13,14,15,20,21,23,25,27,28,30,31,33,34,37,38,39,40,41,46,47,48,50,51,52,53,54,55,59,60,61,62,63,64,65,67,69,70,71,72,74,75,76,78,79,80,81,85,86,87,88,89,90
1,0,572.8820086,84.133605,164.5717012,252.7709305,396.2872629,244.5509517,79.70130565,25.21191301,44.34676259,137.4106573,151.4767848,116.7079477,80.42627819,193.8813146,108.7518628,235.1683354,144.502036,109.2023106,170.6362462,225.6231177,1568.305996,20.03870381,247.9284138,106.7684229,135.587724,37.10095386,186.4146077,34.55047319,119.6754966,56.56179909,120.6041593,115.5329251,270.8143901,383.493083,167.9156321,77.6752168,84.39884231,73.25547606,63.51644124,109.0614808,133.3405323,104.7309401,72.55493936,65.66596901,333.4651304,114.2445786,92.0828885,303.8032833,22.48139245,89.1614112,11.68023139,103.4399902,11.63136096,25.34211333,19.68677797,16.8044145,15.82040974,63.22905716,100.3910091
2,179.8825266,0,534.3506509,1112.964251,1977.328759,968.1841084,495.2670584,153.0269455,47.40989906,83.42819704,260.4260958,286.0008369,216.3192692,147.380216,352.7884451,198.9004429,429.7028807,265.5827473,200.9243557,317.4134611,422.284063,2864.26043,36.94764163,460.4299057,200.6952026,257.0428375,67.94482092,341.9570078,63.55348255,219.2482553,104.4743432,221.5516158,213.2050004,496.1478328,697.7756496,305.5504714,140.9685443,152.4444352,131.9817542,114.3773683,196.842185,242.266729,191.0407373,131.5794613,117.9560834,599.9647715,206.2672756,166.2851397,553.5031208,40.16920145,160.4287428,20.92594727,186.7918711,20.90000329,46.13216524,36.11688602,32.52599483,28.44943376,114.4907211,180.2417192
3,35.53767998,718.8232587,0,144.3840511,222.6437621,162.5800741,106.6384003,35.46886783,11.31403502,19.89743893,61.46870079,67.86463613,52.68566307,36.48099276,88.20751683,49.36984915,106.8015747,65.46374398,49.44917005,76.91597236,101.4448861,712.3899657,9.065929381,111.8326133,47.92073306,60.6464261,16.83324657,84.51979336,15.64694948,54.29008775,25.5707822,54.64858748,52.25064629,122.8523501,174.4760279,76.39325844,35.37847558,38.51951833,33.47036404,29.02697172,49.79175804,60.70273219,47.59787475,33.05675548,30.04153422,152.4509592,52.15041759,42.0307067,138.1426733,10.308923,40.76089258,5.34973918,47.21482545,5.320509596,11.52748418,8.925540487,7.45462974,7.234236323,28.82681104,45.93799617
4,61.66573293,1328.147039,128.0820848,0,772.4740182,413.2735214,220.5594294,68.89903567,21.43467454,37.71582335,117.5594862,129.2013147,98.0789013,66.97049138,160.5277889,90.41553275,195.3685934,120.6132503,91.22954451,143.8137698,191.097786,1302.384207,16.76916432,208.6791673,90.74407636,116.0258055,30.87826766,155.3561811,28.85789837,99.6326788,47.40067,100.6262947,96.74959463,225.4629176,317.5086466,139.0324713,64.17666685,69.46444402,60.16937686,52.14872741,89.70817063,110.2691802,86.88705414,59.91068209,53.8057713,273.5909013,93.99740071,75.77460526,251.7967463,18.34176214,73.15640724,9.550187503,85.11952147,9.532986511,20.98961795,16.40811836,14.62072099,12.97452283,52.14523024,82.22533741
5,84.01143745,2092.986253,175.1871496,685.1827652,0,963.4435144,340.3678173,97.56785443,29.42856393,51.81422632,163.2670735,178.4382004,131.8985778,88.63986927,210.4243649,119.3515296,257.5590209,160.2949526,121.4285084,194.3909465,260.585763,1715.837208,22.38591757,281.4078456,124.515826,161.2035468,40.83438681,205.9191193,38.39628847,131.8242003,63.43448306,133.641158,129.3113554,298.3184601,416.1730566,182.255371,83.82556661,90.15256306,77.8245677,67.40489904,116.3073737,144.251557,114.2786108,78.17579403,69.31820543,353.2195369,121.9240595,98.31148222,330.6318574,23.46434239,94.45724865,12.26061717,110.4340559,12.28648984,27.52954903,21.75143568,20.96208672,16.73949584,67.90175932,105.860235
6,142.4180613,1108.125911,138.3256434,396.3727567,1041.765389,0,582.4820325,143.7806595,41.41430692,72.98306903,233.6299732,253.265474,180.3270111,118.6290933,278.1011385,159.1733185,342.9140671,215.6900056,163.7223582,267.6266295,363.1868935,2282.516346,30.30185253,386.1784613,175.0869671,230.8174089,54.58827172,276.1072373,51.74435113,176.3426288,86.15243452,179.6627786,175.3210581,399.0778345,549.9782432,240.8854544,110.2820191,117.6480591,101.1297561,87.51616005,151.5868971,190.1516667,151.6909651,102.7191839,89.63384636,457.946035,158.9982881,128.2453159,437.9406098,30.08108864,122.4769464,15.78589506,144.056171,15.89554744,36.41041317,29.17087546,31.49736592,21.68451468,88.98498748,136.7722732
9,72.94121975,470.4563245,75.3004743,175.5660566,305.4505175,483.4273778,0,303.5336764,68.34591431,120.9489852,418.131447,435.2308565,262.9036647,159.5813372,358.0679455,211.4713089,452.8823307,295.9046264,226.2935095,401.3520761,573.7950687,3005.50421,42.50424921,571.5638509,287.8658686,414.3839079,73.1376426,373.9556075,71.38953189,236.8272009,122.392157,245.6629447,247.4390792,536.0270543,707.9276257,310.2079721,139.8375981,145.277181,123.2027774,106.3356292,186.4255276,242.6956993,198.2380527,129.703209,107.5320298,553.9094863,195.8985943,158.165039,568.1491592,35.15585232,148.1949828,18.69005849,177.6535302,19.09990791,46.99746863,39.53510509,75.71216914,26.16037749,111.3925216,163.6644229
10,24.81428656,151.7331491,26.1435229,57.24805835,91.39697533,124.5609389,316.8396868,0,80.67991878,108.7152356,451.6980193,168.9403692,110.6778604,69.73156766,159.5627713,92.92694265,199.5424256,128.1483051,97.66641435,166.7039502,244.3082873,1326.014726,28.88592136,344.3200401,157.4862961,167.8191725,38.01802182,194.8529174,40.27809219,106.8694489,54.16755794,110.1786099,109.7628939,241.8745061,324.0232819,141.9628343,64.32090507,67.39830081,57.40453538,49.58723695,86.60110085,111.3935689,90.28008137,64.26540797,50.34700819,281.9163027,90.94836605,80.80699467,293.2915394,17.77638646,75.43013605,9.473582926,90.76260301,9.7086408,24.23534488,17.21702001,16.47773426,12.22685555,51.45151215,83.12582991
13,10.6529018,63.79804323,11.31774926,24.17075843,37.4127735,48.69199465,96.82132398,109.4942261,0,53.06627633,118.3570456,65.00505047,46.46626499,30.63471246,71.90748853,41.11936229,88.60032956,55.66913987,42.24771601,68.91164501,97.0328185,589.7952159,14.65209193,135.065717,58.47552176,61.99272584,16.55733811,84.19658296,16.92116172,47.28206087,22.90515789,47.67666031,46.59737263,105.8066833,145.4917978,63.72563155,29.15067721,31.05280564,26.67279777,23.07880803,40.00182616,50.28017497,40.16058046,29.32549024,23.79573791,131.8571384,42.43734237,37.30055029,130.7096801,8.506209394,35.27153469,4.494604784,41.89784037,4.561062959,10.83948201,7.531491487,6.173524567,5.716109472,23.50488742,39.16030302
14,12.62960851,75.66883198,13.41546017,28.66571783,44.39823412,57.83558519,115.4852536,99.44478698,35.76716008,0,625.6785627,94.05342302,63.62713551,40.73479048,94.03312773,54.42020317,116.9959165,74.56669385,56.74539156,95.30277314,142.7674971,777.9355313,33.10898343,262.0046175,126.3015214,96.39208845,26.53984827,136.8329933,28.91181148,72.92374611,32.10543236,65.63337378,65.11359182,144.422233,194.5493962,85.23196465,38.69467724,40.68481183,34.71230545,29.99540129,52.40068091,66.95625737,54.09906135,43.3809495,32.99856528,187.1478573,60.3744756,54.11880862,201.3072704,11.62672008,50.08164181,6.230434009,60.78462339,6.426156968,16.5918957,10.04259406,7.338653786,7.402798226,33.43901555,54.9210581
15,45.14221371,272.4727908,47.80759486,103.0697862,161.3800164,213.5679303,460.5445027,476.6221971,92.02258476,721.7482556,0,358.5912682,232.3824664,145.6431625,332.3237865,193.9328947,416.2727052,267.9959295,204.3486721,350.6668264,538.3710325,2765.713138,86.83321814,1064.831194,549.4430589,378.5322935,97.99629257,508.3162517,109.908899,264.9074853,117.1863849,236.8361406,237.1980786,518.3901941,689.6457463,302.1736909,136.569105,142.5009092,121.1127645,104.5762458,183.3414594,236.7645949,192.6233789,154.9797322,115.0905381,658.2230252,212.5289131,191.9091201,730.8516313,40.3452209,176.1693201,21.72714931,215.5407701,22.54095979,60.08626531,35.9773592,27.48548023,25.75688867,118.1543688,192.3261167
20,29.03378352,174.5826431,30.79509207,66.08999963,102.9044372,135.0761239,279.6878302,104.0051004,29.48781086,63.30007058,209.2159692,0,484.5038814,205.284704,398.9777307,260.4177061,546.6675288,409.958947,323.100979,880.7627585,824.3950565,3592.34378,25.40261762,482.7738509,181.9132516,780.5480874,57.50338,296.1464283,73.56360434,232.0251877,133.8687139,248.821035,323.5115554,605.2018797,718.7801949,315.2982486,137.2414899,134.8058158,111.2877597,95.55856037,171.5719425,241.6907296,185.229787,114.7056578,94.32626855,455.4432098,167.0476968,128.753674,491.0621413,27.68980746,113.4796839,13.64607475,132.7024262,14.05873786,36.07860425,52.26949279,17.25632364,23.19021983,97.22949598,132.7244322
21,23.16916622,136.7670201,24.76183637,51.96331225,78.78413977,99.61295004,174.985857,70.5723161,21.83160246,44.3531406,140.4270894,501.8219779,0,425.3257414,555.2080247,382.8062983,690.8419725,571.6802275,573.9140518,530.1642147,547.2194299,3782.221093,19.57415633,322.9902787,121.0220499,276.5317473,43.70753115,242.086307,59.19378249,191.7840038,104.2702955,202.0743044,243.3173641,488.0531383,719.0889238,266.4151671,117.7102077,120.0545353,100.0711513,86.08451393,151.1316493,206.0154309,156.9226128,99.92450318,84.70426708,409.5220885,148.1734109,114.6758973,422.2958916,25.43626652,102.6519981,12.2799419,116.2223701,12.52988888,30.59256336,115.7215193,12.32004976,20.99196014,85.25556341,120.1712074
23,22.40977308,130.7840795,24.06503854,49.80056081,74.31171863,91.9762593,149.0794984,62.40689263,20.20185139,39.85446708,123.5284956,298.427281,596.9681786,0,1218.98052,578.5677283,862.3643304,439.4360176,349.7742066,349.8116682,387.0906929,4124.575588,18.50436016,283.080725,106.0095702,198.3700219,40.6956322,220.1969069,50.09807752,167.4285004,85.18791297,172.8228201,191.8699115,414.0804642,792.8437727,258.1666326,127.9517892,133.7215895,111.6612651,96.08722542,143.6034096,187.0994683,141.180146,93.2106684,82.65626785,399.207113,141.6742601,110.2798741,387.27131,25.59481718,100.9438773,12.36464454,113.4779624,12.47647801,28.85792671,61.71609394,11.17857306,23.45214357,80.23146334,118.3314787
25,44.60630213,258.4942115,48.04478874,98.56477854,145.6615753,178.036102,276.1989645,117.911314,39.15365078,75.96493663,232.7336914,478.9071993,643.4369947,1006.508725,0,2444.871926,4025.703459,1383.644681,1133.889278,897.1629338,687.2317437,11933.2406,37.07711218,546.8432911,199.275656,340.0338897,80.91822693,432.8413305,95.2831853,362.6760859,183.3373774,373.5902694,473.207143,1036.338491,2129.423308,659.3856249,327.8238646,336.5780729,277.9861279,238.7166562,353.3383163,470.3675365,310.3475252,205.3660522,200.5863575,882.0994311,312.6448259,241.3689771,843.2046049,56.67786416,221.4992929,26.78500182,244.0666275,26.95632755,57.75859355,87.86280964,21.42317522,57.94503882,189.971618,265.426459
27,17.28714188,100.6928066,18.57927307,38.35666134,57.08252721,70.40472503,112.7026897,47.44514553,15.46930274,30.37516758,93.83730711,215.9729919,306.5177247,330.0663192,1689.204927,0,2135.788385,910.3421732,816.6014101,453.8346943,299.9991456,6345.9663,14.54619006,221.6105364,80.47718273,146.5452381,31.96325409,172.7244281,39.14889076,149.8053621,78.30408733,155.9472231,212.6609378,446.959857,979.8898009,279.5223661,139.6355298,139.5818559,113.4600582,97.14273109,141.843064,194.7226074,126.4053522,82.01163813,79.0115982,343.70245,123.151782,94.68560244,339.4073153,21.68785312,85.8213589,10.22873721,94.77382184,10.35716426,22.682288,38.00828686,8.532866085,23.39731497,76.15331569,102.9632349
28,70.38240572,409.5715028,75.67341691,156.0455084,231.9266949,285.5719899,454.4299797,191.8157004,62.75646553,122.9498486,379.2283199,853.5932743,1041.487362,926.2677848,5236.809516,4021.212195,0,4507.957251,2167.325224,1749.425207,1193.637223,30339.2989,59.08900021,894.7349748,325.1355143,584.5832857,129.6750043,699.4057386,157.6436401,602.6129336,312.926054,632.3440949,841.1107029,1961.372742,4403.930265,1219.267708,610.0934415,604.3333465,488.6526001,417.9702301,607.6219256,842.5754222,544.0359535,350.7326903,336.444967,1458.615092,524.4014571,389.9395319,1372.096733,91.53394743,349.4261696,41.757391,385.7199995,42.23466566,92.12231498,138.0761001,34.5639747,100.416577,326.0743752,436.3636663
30,47.27622919,276.7227893,50.70492316,105.3113415,157.7892537,196.3558883,324.5764115,134.6620968,43.10436493,85.66152133,266.891428,699.7641293,942.1326652,515.9706832,1967.583515,1873.643817,4927.917062,0,3762.412208,1750.320526,932.7791228,19390.66022,40.25284417,633.6382839,229.2752318,448.6744429,89.04481207,486.1048499,113.5756088,437.0965128,237.2155728,460.2978205,685.9017133,1306.727161,2764.184137,759.00199,379.9573051,375.4469519,303.1516503,259.2344156,378.5959699,529.112386,357.9227111,228.1234021,209.0932477,935.9157495,338.477206,261.9940196,963.6755798,58.17457139,234.6475362,27.58876431,259.6704304,28.09439472,62.82772036,108.4883141,23.96904524,62.23885793,203.6659998,274.7025931
31,16.50407677,96.70929026,17.69289256,36.79647145,55.21648787,68.85134731,114.6641988,47.4098186,15.11125446,30.11355557,94.00886119,254.7652121,436.9143334,189.7176342,744.8516605,776.3955566,1094.455809,1738.028601,0,672.4466912,335.8708708,5046.155246,14.08947145,223.4666372,80.7906129,160.9136715,31.21524428,170.8049795,40.19337378,154.8972,84.84664293,163.5769165,249.4065499,467.8045483,808.070512,244.1242915,117.2274793,117.8804936,96.15425228,82.37891056,133.0317566,187.1896692,126.3344613,80.14796165,73.18467422,327.050534,118.5560038,91.70235745,339.3049107,20.25302155,81.9110258,9.601833759,90.68854104,9.790025017,21.99599907,44.01688441,8.418454496,19.87472743,71.54737637,95.87812491
33,21.4328591,126.9727031,22.8720863,48.20815953,73.46382995,93.53694671,169.0171094,67.25403627,20.48515781,42.03261312,134.0729199,577.1785825,335.4356807,157.6898081,489.8012362,358.6080397,734.2077052,671.9818495,558.8654658,0,634.7588355,4767.61469,18.79282239,323.1106099,115.7197244,287.0468596,42.29460527,237.2007479,60.45347413,236.7794436,145.8441398,258.6766517,552.5519389,813.9339084,851.3156172,373.8593091,156.9639014,146.2470884,117.9403736,100.8316679,184.7841595,280.5237318,184.3844863,111.1718991,97.57377909,428.9458741,159.2448643,122.2884758,481.7692282,25.60328103,106.3192763,12.10210866,118.2636932,12.48951023,29.40410884,39.87071791,11.63669394,24.19422191,99.12631074,124.250381
34,45.96593286,273.9891582,48.9286313,103.9009213,159.7319812,205.8864163,391.9274029,159.8653431,46.78525547,102.1301243,333.8656442,876.2545887,561.5701544,283.0256032,608.548825,384.4908496,812.5303161,580.8479172,452.757252,1029.561791,0,6039.248565,51.74372396,1114.227664,312.4564095,1294.43783,121.0492528,724.6499824,239.8980808,672.6659639,517.1506708,777.7418778,987.8385687,1523.581047,1627.396575,714.5519977,301.6800696,283.2998767,229.2372966,196.1048632,358.3291364,537.9443625,488.5314577,275.1384579,190.3003108,993.3094643,378.9772657,288.5852267,1229.005949,56.98944379,243.3897646,27.47006008,280.7039931,28.79129899,81.39581226,71.19815038,25.88407992,47.13012532,228.4565984,283.9446182
37,325.0396626,1890.576534,349.5455482,720.37053,1069.966914,1316.329143,2088.426677,882.7089811,289.2974979,566.1365522,1744.818482,3884.417399,3948.594122,3067.929217,10749.88174,8274.024936,21009.98944,12283.70247,6920.010539,7866.795934,6143.784558,0,287.7250179,4427.697668,1495.708221,2672.315375,649.078944,3527.755379,785.6215685,3506.804387,1591.616047,4185.008078,4400.443396,15050.69977,46300.94688,8769.07446,4464.756341,4034.649338,3105.620752,2633.157171,3682.569614,5593.677345,3436.403756,2095.557449,1939.241081,8182.833746,3022.606811,2208.61352,7640.051399,492.140957,1831.262484,214.1367959,2028.281929,218.5573507,472.3510181,556.4394533,159.212678,618.5884566,1968.50351,2421.944972
38,14.0556705,82.53627573,15.05478991,31.39096182,47.24387951,59.14202168,99.95640465,65.07764204,24.32312954,81.54546623,185.3981528,92.961443,69.16000575,46.58182795,113.0388099,64.18664969,138.4851868,86.29977239,65.39088805,104.9458165,178.1505389,973.7646658,0,449.9123367,114.6291764,94.99042464,38.46208484,198.4910847,46.71237169,113.0165119,46.24129382,94.40440374,83.87745224,188.7127728,257.3819666,112.7437631,51.41743016,54.48488026,46.67247521,42.61982866,75.28044917,88.80081411,77.69061876,62.53615983,47.38179449,269.0943126,86.82306459,77.92073661,290.9529688,16.68037405,72.01263364,8.945914843,87.51784947,9.235878845,23.97087908,11.42825346,7.254564433,9.98229068,48.11758085,78.91260513
39,54.26901293,320.9706702,57.95281288,121.9034443,185.3320517,235.2115874,419.4562888,242.0759047,69.96947666,201.3754844,709.4861966,551.3302269,356.1271619,222.3803619,520.2693519,305.1613546,654.3871649,423.9339196,323.6524561,563.0773,1197.14588,4676.253258,140.4014461,0,1263.396186,647.9806755,254.507865,1378.950811,474.518127,696.1466646,279.5725852,527.2535499,465.7126524,970.4415425,1242.793133,544.7556967,242.9639381,248.0064105,208.5013635,192.5958523,348.1382334,423.5681181,398.1611097,327.8373027,215.223777,1282.446757,415.8876206,389.9906388,1698.420589,73.66368782,343.4907215,40.60380335,437.9518904,43.33468204,137.5058989,54.95184491,29.18251762,43.99989634,235.6802684,366.7407773
40,27.38806217,163.9576455,29.10196783,62.12237096,96.10184877,124.9733299,247.5739741,129.7552352,35.50017218,113.7624906,429.0211802,243.4586772,156.3770474,97.59421252,222.1838352,129.8687769,278.674753,179.765669,137.1260521,236.3290166,393.419093,1851.227539,41.92100715,1480.58184,0,286.9908637,102.146803,548.5623439,110.2657477,225.4122585,91.55015955,180.9561819,168.3373996,363.5269016,478.8764028,209.8453128,94.50978625,98.03734473,83.96601653,81.93176357,147.6551455,164.0893888,144.3857937,136.6405322,91.49668036,541.7421622,175.5619433,163.6329434,696.2935826,31.4293471,145.0835122,17.26336546,183.760866,18.34421082,56.52994799,24.11748156,15.83371578,17.80853367,99.18605592,155.4437089
41,28.18842979,170.1892894,29.84943761,64.37487028,100.8355841,133.5254714,288.8349423,112.0613195,30.50205665,70.36617371,239.5471535,846.6279892,289.5913187,148.00864,307.264546,191.6618754,406.0800424,285.1103499,221.3523061,475.1103525,1320.928251,2680.604046,28.15453777,615.4417404,232.5948572,0,65.03810167,338.6738168,85.17153949,259.6436952,161.9958967,284.6630457,319.5741052,587.8895777,690.8911842,303.0947141,131.5051,128.5384196,105.8750165,90.87233889,163.4815123,231.8963221,201.2557333,120.7601037,89.52508231,463.6135696,172.4761342,132.3643234,524.463253,27.58609589,114.8090034,13.92566688,139.5157727,14.49673499,39.3942041,37.19363407,17.19379589,22.02845312,101.6348486,134.1536242
46,12.34956351,72.02762505,13.26523181,27.43031031,40.8960424,50.56044895,81.62135989,40.64617576,13.04352354,31.01965765,99.29188205,99.86248053,73.28461912,48.61550987,117.0718887,66.93157243,144.2240017,90.59543007,68.75018374,112.0837592,197.7771723,1042.457835,18.25229219,387.027763,132.5478946,104.1319198,0,1170.128683,67.56737705,186.3205668,57.8856948,141.0845918,95.63166716,249.2810423,323.7134878,141.8735784,63.57853927,73.39842937,66.19873162,66.45958202,123.3157406,128.6228026,130.6118807,137.4199004,74.69504069,470.9455661,153.694008,152.7119444,864.6541627,24.79683403,134.4693746,14.77349514,185.7532661,16.54120176,78.89505291,11.94489581,6.139445427,13.84333087,89.62911754,130.6548249
47,46.69611522,272.8026113,50.12330081,103.8581562,155.1980264,192.4525392,314.0633047,156.7730349,49.91523883,120.3548706,387.5898274,387.0345662,305.4647232,197.957763,471.2694288,272.1874409,585.3892458,372.1876014,283.1013438,473.0510867,890.9977642,4263.76949,70.88590268,1578.061645,535.6835689,408.0674168,880.5781466,0,368.7059772,907.4253562,260.2135151,642.3363934,411.7022355,1073.175502,1352.5336,592.954712,263.0434127,302.5472269,272.4142883,278.1961525,525.7389721,545.7124859,588.3221159,674.4970629,313.9067781,2062.074783,676.2388399,704.2972071,5368.155491,102.0848044,553.3409412,59.13461001,790.5772962,67.39871127,398.3335494,48.74765896,23.42575314,56.50208343,403.4069759,559.3413475
48,7.597100032,44.50506126,8.145241244,16.93439968,25.40222758,31.65933839,52.62895118,28.44633888,8.805659697,22.32241515,73.56381901,84.39161327,65.56317312,39.53442425,91.06465498,54.15353543,115.8203938,76.33260001,58.47751375,105.829389,258.9215132,833.4924835,14.64346393,476.6735257,94.51832016,90.08196031,44.63385238,323.6482125,0,184.452771,72.02745666,122.1485336,96.45358548,192.1325999,235.0982283,103.097958,45.29759777,45.14262641,37.51898167,33.88392593,61.92343351,79.46395559,83.80998572,62.32722615,37.95653189,231.5183792,75.27294824,72.23265085,345.8311696,12.82399143,62.03668856,7.158218298,81.10861827,7.762533972,27.66513283,9.800136845,3.869437529,7.854494381,43.15077118,65.38824965
50,22.31907322,130.2216725,23.97021272,49.58884426,73.96985637,91.5109942,148.0808288,64.01594061,20.86917076,47.75423817,150.3843743,225.7607791,180.1662032,112.0626321,293.987979,175.7566578,375.5122463,249.1606166,191.141539,351.5653736,615.769097,3155.563355,30.049059,593.124747,163.8815156,232.91539,104.3915108,675.5865869,156.4452052,0,400.6985156,1168.462512,420.5943396,1096.354361,1128.376936,495.5983883,207.2083879,191.9410142,154.4079652,135.6263508,256.3085709,370.9442348,499.6759261,309.3478541,149.0684155,970.6626295,317.9827893,327.7231314,2316.059943,48.68747994,241.0066221,23.58880067,275.3401954,25.82087271,72.29800524,27.70146617,11.11791359,31.62388379,196.6692046,264.5775908
51,11.38580388,66.97709979,12.18610521,25.46456286,38.41975584,48.25619589,82.60197066,35.02219673,10.91218324,22.69295433,71.80508579,140.5924565,105.7282674,61.54304432,160.4099239,99.16043528,210.4732686,145.9536019,113.0097048,233.7333303,510.9814025,1545.870956,13.27053769,257.1043625,71.84244633,156.8534171,35.00621873,209.1074582,65.93935864,432.5011825,0,653.726338,386.7862458,537.6220595,537.7237841,236.2303915,98.05757838,89.93683722,72.04961983,63.28979929,120.1703634,176.0520267,247.049441,116.4502331,68.64025296,366.0082422,147.3242879,110.2964745,559.9733116,19.57003809,87.79406745,9.174161677,99.08839311,9.795613206,24.76738116,15.30300357,5.935531141,14.71629649,93.56296676,102.0999733
52,20.73388566,121.3024408,22.24220201,46.16801004,69.1269436,85.94518882,141.5971143,60.83861871,19.39823053,39.62006421,123.9378488,223.1762367,174.9925392,106.6301485,279.1603306,168.6590182,363.234105,241.8736002,186.0719992,354.0518143,656.2985062,3471.435966,23.13815499,414.1067461,121.2755801,235.3959527,72.86709693,440.8391254,95.50207906,1077.115508,558.3080789,0,458.807778,1631.851364,1360.040568,598.2852557,238.4809787,207.5027957,162.7487848,143.0074757,278.1308272,435.0961388,796.5180539,301.2637888,154.9368137,837.0295052,352.0324529,235.9963783,1221.566443,42.49757143,180.1938599,18.6082578,203.808383,19.95973051,51.37243005,26.4077095,10.48359632,32.79514637,234.3598274,229.1749525
53,16.81223601,98.80827085,18.00079978,37.57336779,56.61676933,70.99027134,120.7214201,51.30254383,16.04792977,33.2708115,105.06751,245.6133398,178.3539937,100.2044704,299.3027689,194.6798226,408.9663787,305.0792944,240.1420182,640.1533104,705.5912801,3089.659301,17.40135222,309.6079652,95.49526663,223.6870161,41.80756785,239.1674777,63.83285069,328.180078,279.6084209,388.3578309,0,1629.315659,1181.740331,520.3013651,202.1776384,170.5876858,132.2440433,112.2643256,212.8518802,372.5301628,232.190673,127.7584702,105.2897322,451.7562717,173.7977136,132.0011077,576.4647206,25.62159316,110.316541,12.06289096,123.5285559,12.65229027,29.95043155,24.99124482,8.719501602,26.45568163,113.6934586,128.6322951
54,41.43064812,241.7337519,44.49527389,92.05266651,137.3152683,169.8840638,274.9369025,118.851243,38.30901337,77.58112582,241.4039278,483.0506848,376.1032847,227.3501495,689.1144437,430.1619751,1002.59345,611.0349401,473.5382038,991.3575331,1144.097585,11109.66918,41.15942927,678.2561629,216.8043878,432.6086877,114.5704738,655.4203616,133.6771581,899.3526523,408.5889205,1452.152326,1712.913817,0,5969.906614,2643.833008,878.1392643,633.0597297,465.5959193,391.7400411,776.3903758,1713.934389,927.2631632,451.7149689,353.7427815,1452.057808,579.5975669,402.4513672,1579.757914,78.45702313,302.3141268,33.05743921,338.5206534,34.67264339,82.07688966,56.34514418,20.64025021,90.29180579,412.30773,406.5616917
55,71.38155448,413.6380484,76.88553807,157.7230925,233.0725555,284.8518341,441.7877428,193.7172635,64.0921519,127.1541051,390.7437973,698.0186276,674.2191635,529.6349044,1722.781518,1147.411536,2738.947057,1572.630063,995.218219,1261.566786,1486.857616,41582.70942,68.30061901,1056.821623,347.482891,618.5682197,181.0184029,1005.022347,199.0141598,1126.190212,497.2184421,1472.522418,1511.578879,7263.501226,0,3618.519145,1322.981659,1043.884777,790.2212856,668.0866956,1128.398313,1978.605326,1122.192269,632.8056719,557.7444921,2287.180459,872.2255083,624.2010472,2270.990294,131.307905,496.21257,56.31096911,552.2321256,58.18582625,130.8574571,102.6795448,34.27418482,155.8292375,602.6950694,667.0961387
59,28.13607206,163.0540165,30.30454722,62.17271635,91.88431587,112.3124651,174.269598,76.40304073,25.27111264,50.14722096,154.1226802,275.6362554,224.8647143,155.2504837,480.2325003,294.6472629,682.631223,388.728507,270.6599065,498.7371483,587.6972984,7089.580548,26.93288791,417.0119484,137.0733841,244.286905,71.41794165,396.6368432,78.56489912,445.2780692,196.6380798,583.1257575,599.1114165,2895.718692,3257.427416,0,2114.903822,821.0714015,530.2296958,437.352657,666.014176,1702.687992,443.8199253,275.9863762,291.4395821,1051.173446,414.6738738,290.1975961,896.8212704,57.6570056,219.5247645,23.86986171,217.8010694,22.94151757,51.6228738,35.42579577,13.51519096,96.18300741,352.6274248,324.4918014
60,22.12849634,127.8992062,23.86101819,48.79303672,71.85130147,87.42168703,133.5640937,58.85525144,19.65422642,38.70728326,118.4293806,203.9845609,168.9170868,130.820651,405.9286738,250.2527598,580.7383738,330.8532198,220.9731209,356.0085223,421.8553558,6137.077916,20.88323883,316.2173011,104.9609453,180.2027905,54.41434967,299.1548511,58.68819542,316.5234155,138.7746401,395.1889218,395.8064258,1635.245025,2024.859001,3595.735295,0,1004.761258,568.015421,460.402446,541.3679637,949.5852155,312.7934403,200.031241,238.0722425,790.0160047,305.158198,216.5520287,662.6394882,44.56022749,168.2335836,18.62031942,167.829625,17.86280295,39.45606696,27.07293477,10.48206182,97.39323982,243.0886106,265.7759617
61,25.3481578,145.8134859,27.38868534,55.6780142,81.46605807,98.31951415,146.2862991,65.01633776,22.07235305,42.90562736,130.2762091,211.23262,181.6262057,144.1358308,439.3751254,263.7256609,606.4586702,344.6590068,234.256932,349.6941128,417.6416625,5846.691137,23.32942162,340.2884422,114.7844283,185.6916411,66.22624734,362.7457047,61.65991053,309.1055333,134.1859482,362.5062105,352.0771836,1242.809633,1684.356475,1471.697321,1059.26193,0,1866.062308,1348.378337,1152.860745,714.0984963,321.0330651,265.9232603,409.6452154,1145.012995,423.5521421,284.2772992,797.5983406,61.79918884,218.2779131,23.96917588,206.3639154,22.03096032,48.07668227,29.86848925,11.71500408,231.0345767,330.088689,414.5394648
62,13.39178784,76.84021407,14.48569469,29.35521326,42.80592573,51.44254778,75.51188291,33.70608519,11.53997622,22.28198904,67.39473145,106.1422548,92.15043474,73.25909042,220.8825074,130.4833132,298.4787499,169.3906907,116.3074551,171.653295,205.6985646,2739.310926,12.1640265,174.1332653,59.83889127,93.09823391,36.35646096,198.8051074,31.1928935,151.3551653,65.4319216,173.060441,166.1326053,556.362232,776.1018573,578.4824306,364.4929745,1135.833552,0,667.1533498,602.4835473,339.7939318,174.7284289,144.4755848,220.4199074,625.1559172,230.5195214,155.2956105,435.6908055,33.95447723,119.8446492,13.20484503,113.4953522,12.13844594,26.40669258,15.36686919,6.109611023,286.0452651,177.6775099,225.6842897
63,13.46626662,77.2284566,14.56945169,29.50638653,42.99730403,51.62907569,75.58510016,33.76716532,11.58009982,22.32995051,67.48879336,105.6995392,91.9339902,73.11175645,219.9801574,129.5641557,296.0882273,167.9905476,115.5627023,170.1959349,204.0783495,2693.594885,12.88222291,186.5444623,67.71655839,92.6706574,42.33037587,235.4568667,32.67088736,154.1821899,66.65830806,176.3605233,163.5622646,542.8864804,760.9662729,553.3762068,342.6330436,951.8377075,773.7279,0,1366.601387,485.9065163,222.7781595,187.893439,321.2433768,770.4155523,294.008256,190.2625205,534.0905086,39.20180535,139.3503407,14.84432949,129.7426827,13.63029343,30.58297268,15.37187732,6.127834108,108.896388,257.7776069,286.8629297
64,23.62682692,135.80895,25.53711877,51.86534499,75.81060637,91.37780415,135.4053196,60.25888135,20.50934093,39.86052114,120.9016585,193.9200534,164.9223287,111.6501406,332.7089465,193.3105793,439.8273019,250.6923799,190.6908824,318.7057716,381.0339302,3849.279258,23.25060564,344.5562327,124.6993295,170.3539243,80.25756755,454.6774032,61.0091808,297.7324837,129.3275053,350.4811971,316.8777837,1099.421342,1313.312179,861.0832554,411.6775004,831.5740893,713.9712698,1396.415996,0,1213.26195,469.4491862,406.3808619,829.2299947,1556.635371,619.8103794,381.7768486,1072.398209,73.6735212,263.8334387,27.15671981,241.3631199,24.90839618,57.66282446,27.29447747,10.8772635,120.7525775,660.0341195,602.1179506
65,25.7183874,148.8166519,27.71853126,56.76059718,83.71258838,102.0532243,156.9422829,69.00893264,22.95177121,45.34660226,139.0067449,243.2114327,200.1572508,129.5133734,394.3289151,236.2715519,543.0065571,311.9324917,238.893327,430.7669118,509.2914997,5205.631306,24.41836354,373.2322752,123.3796601,215.1418487,74.53031987,420.1889521,69.70402936,383.6359138,168.6871863,488.1444601,493.7683889,2160.855632,2050.275664,1959.946802,642.9039051,458.5954646,358.5078776,442.0518586,1080.194887,0,423.5449056,363.9197292,378.0127569,1238.814712,520.5578866,349.1795822,980.6573123,62.95881119,245.0967825,25.45359495,225.2526759,23.35282424,53.62619841,31.85021054,12.25515952,68.76356539,561.2364699,380.2624022
67,19.99016132,116.1297489,21.50845845,44.25961489,65.62887516,80.56493402,126.859985,55.34735632,18.14174903,36.25793442,111.9148864,184.4567568,150.8748511,96.71090259,257.4715917,151.7819991,346.9633773,208.8149989,159.5525401,280.1927247,457.70046,3164.753775,21.1411173,347.1958413,107.4353701,184.7732272,74.89579715,448.2865006,72.75171215,511.3977402,234.2527449,884.3384485,304.5554381,1156.895987,1150.747667,505.5635493,209.5701884,204.0239491,182.4342618,200.563942,413.6146166,419.1400975,0,639.7151237,216.7694518,1208.165705,570.5820171,353.0742012,1206.854636,54.61844643,219.5010737,21.38287663,211.5952665,20.88610211,52.95996009,23.83996219,9.727718891,36.60642264,440.7602678,316.5048919
69,14.16722075,81.8242411,15.28123059,31.22002184,45.92812229,55.8102904,84.91115232,40.30496879,13.55192019,29.74327341,92.11495584,116.8543709,98.28329367,65.31964455,174.2954567,100.7410963,228.8277351,136.1503162,103.5501547,172.8239322,263.7038644,1974.293399,17.40872421,292.4491914,104.0108739,113.4202606,80.61220014,525.7713656,55.34796169,323.887261,112.9581461,342.1733625,171.4303343,576.5436196,663.8341258,321.6125466,137.102722,172.887698,154.316965,173.0486602,366.2831286,368.4187536,654.4296971,0,186.8387434,1055.530907,527.2512435,313.547598,1855.218153,45.50561274,185.112494,17.98517164,211.2812531,19.72631119,55.71983463,16.04624839,6.685201076,30.70798394,444.874568,271.3204176
70,38.22647863,218.6857497,41.40249088,83.59187331,121.4115373,145.1914403,209.8737466,94.13719353,32.78392814,67.45140898,203.9393923,286.4831178,248.3815035,172.6872369,507.5339074,289.3532007,654.4141927,372.0446647,281.8932472,452.2184129,543.7646253,5446.909793,39.32362077,572.3854214,207.6398928,250.6791139,130.6318783,729.4975182,100.4885581,465.3059998,198.50083,524.6384817,421.201829,1346.051054,1744.338473,1012.511891,486.4780713,794.0025733,701.9016869,882.0578442,2228.255201,1140.903317,661.1206432,557.0230873,0,4525.869193,2135.799863,1072.447412,1668.39685,171.1250301,621.8525088,58.68200555,543.4182848,53.68348859,94.26505187,42.12172478,17.17945315,133.7157166,598.7176324,2035.409656
71,37.81141064,216.657839,40.92446774,82.79142605,120.5052258,144.4880067,210.5753791,102.6730081,35.38457432,74.51253584,227.1867962,269.4319709,233.9051643,162.4543093,434.7401276,245.1707122,552.6216472,324.369749,245.3736412,387.2274417,552.8464733,4476.830218,43.50057823,664.3335345,239.4675174,252.8588028,160.4266934,933.4177455,119.3889357,590.1600992,206.1687481,552.0708363,352.0115667,1076.23316,1393.299297,711.335519,314.4408141,432.2877765,387.7593987,412.0372139,814.7518158,728.2781115,717.7243141,612.9509591,881.5572355,0,2897.772543,2407.649674,2340.184415,311.1289099,987.0017044,75.67321954,767.2212199,68.85682551,114.3587044,39.73435856,17.13040124,78.96914462,581.1330835,4575.243
72,27.03500938,155.4524106,29.21656409,59.36329922,86.80985884,104.6955969,155.4241783,69.12727992,23.76714301,50.16679178,153.0898898,206.2404562,176.6246155,120.3212653,321.5747232,183.3348946,414.6384306,244.8225904,185.6329513,300.0181573,440.2015832,3451.175347,29.29166739,449.6155232,161.9581572,196.3222036,109.265065,638.8372402,81.0095101,403.4814943,173.1907891,484.5685376,282.6280582,896.5354947,1108.897085,585.6326204,253.4816562,333.7243488,298.4009273,328.1628378,677.0422317,638.6727779,707.4043197,638.9852885,868.215516,6047.595919,0,1813.49939,1620.518185,144.5366624,603.3493345,48.0513438,479.5382947,43.76236821,77.77931211,29.48619582,12.46803493,59.86738513,626.0907084,1172.400481
74,20.95205702,120.497317,22.64096074,46.01322535,67.30397098,81.19593538,120.6575665,59.05549729,20.0863418,43.23823851,132.9171167,152.8444973,131.4346603,90.05431098,238.7090681,135.5330427,296.4556536,182.2091777,138.0603044,221.5258671,322.3067091,2424.721727,25.27661079,405.3930465,145.1443044,144.8665653,104.3888727,639.739091,74.74591132,399.8378566,124.6719867,312.3450716,206.3980549,598.5647684,763.0337712,394.0662173,172.9579623,215.367418,193.2895826,204.1925662,400.9805546,411.9220355,420.8936964,365.3705456,419.179276,4831.35084,1743.709857,0,1838.327173,112.733023,683.4394575,44.98096327,484.2097437,40.7952865,73.33660509,22.0562484,9.671790997,39.4679844,349.6365752,924.2454414
75,49.03994077,284.5468302,52.7917132,108.4722999,160.5797887,196.7060588,307.4795083,152.0619837,49.93477555,114.1008727,359.1073211,413.5579475,343.371588,224.3537388,591.6027413,344.6610294,740.0429777,475.4659978,362.4000189,619.1383576,973.7757982,5950.427918,66.95736052,1252.498168,438.1586492,407.2133658,419.3082217,3459.248412,253.8795747,2004.63981,449.0392654,1146.980816,639.4557529,1666.855774,1969.446944,863.9548263,375.4614533,428.6785993,384.7134798,406.64111,799.0602815,820.7165581,1020.636604,1533.680096,462.6290491,3331.463843,1105.40254,1304.165019,0,144.2885398,803.1330265,69.87098904,940.259005,79.78341476,275.3640924,55.20464493,23.71112955,78.53525726,698.403911,857.9412107
76,19.52746385,111.1199502,21.19904795,42.51820813,61.32248339,72.70448949,102.3803483,49.59407123,17.4862459,35.46107397,106.6724568,125.4830354,111.2925336,79.7875593,213.9813118,118.5093748,265.6559609,154.4496628,116.4000195,177.0555067,242.9766676,2062.559992,20.6560121,292.3145762,106.4239851,115.2556868,64.70715988,353.983424,50.65846305,226.7613392,84.44497713,214.7179412,152.9357642,445.4556498,612.7524291,298.8838028,135.8628138,178.7291943,161.3322604,160.6081767,295.3929003,283.5290776,248.5539569,202.4276924,255.3361098,2383.364962,530.5297384,430.3542092,776.4205113,0,487.3009708,56.02187797,399.848188,37.4182863,59.38434447,19.45172371,8.547203059,33.87678429,187.0507109,592.5696331
78,36.13815084,207.0843968,39.11227739,79.13208745,115.1895271,138.1301193,201.3811558,98.19684318,33.83383489,71.27538677,217.3485941,239.9659125,209.5783548,146.8349662,390.2124043,218.8254791,473.2157143,290.6940402,219.670607,343.0774585,484.2156489,3581.24502,41.61172746,636.0311446,229.2390372,223.8280061,163.7366291,895.3255672,114.3519975,523.7777551,176.7720827,424.8254903,307.2627546,800.9353178,1080.508749,531.0069113,239.3493535,294.570243,265.710781,266.4010766,493.6109903,515.0448551,466.1056255,384.2439579,432.9646583,3528.047657,1033.396309,1217.422455,2016.596477,227.3859538,0,153.5605938,2642.705886,136.5613212,201.1257018,35.88226598,16.37803128,55.60101438,357.3335366,887.4301058
79,5.399014142,30.80522248,5.85431456,11.7811091,17.05155783,20.30379755,28.96476539,14.06503841,4.916911653,10.11237931,30.57055562,32.90888808,28.5923175,20.51186585,53.81389576,29.74394356,64.49278221,38.97861509,29.36687902,44.53641411,62.32612778,477.5828944,5.895299006,85.74407389,31.10785069,30.9619644,20.51538822,109.1198965,15.04783817,58.46527015,21.066332,50.03228287,38.31728349,99.88085169,139.8387567,65.84769586,30.21208623,36.88979215,33.38857333,32.36402682,57.94371292,61.0001072,51.78307688,42.57551676,46.59550587,308.4840955,93.85936937,91.37850261,200.0794274,29.81247598,175.1272826,0,179.3650003,14.16165523,21.88260719,5.000325448,2.394633202,7.105455172,38.28130699,85.7953919
80,28.96613471,166.5851377,31.30119296,63.61250669,93.04516479,112.2480969,166.7908619,81.63429766,27.76716811,59.76787812,183.7253444,193.8757017,163.9388294,114.04444,297.0641266,166.9567484,360.9017356,222.257134,168.0331942,263.6602699,385.8319462,2740.468667,34.93950688,560.2770844,200.602632,187.9208076,156.2687008,883.7829174,103.2940327,413.428844,137.8428922,331.9752487,237.7112474,619.6368763,830.7976831,363.9902446,164.9685927,192.409239,173.8527988,171.3656992,311.9887804,327.0321765,310.432174,303.0019068,261.4040951,1894.742641,567.4589438,595.9198699,1631.143249,128.9064273,1825.836626,108.661766,0,172.8808176,233.8564049,27.88933919,13.37042259,36.68562221,215.2127102,505.0344031
81,4.686750695,26.8203152,5.07545493,10.25136172,14.89559502,17.82222215,25.80292428,12.56502609,4.349559362,9.092109985,27.64720849,29.55494095,25.43188583,18.04238048,47.21084545,26.25401271,56.86239098,34.60127766,26.10151485,40.06617713,56.94427868,424.9141374,5.305637872,79.77215281,28.81521565,28.09706813,20.02358544,108.4156807,14.22495782,55.78806741,19.60796228,46.78187007,35.0340832,91.322603,125.9592477,55.16849325,25.26512762,29.55730508,26.75506078,25.90511188,46.32901575,48.78644582,44.09175836,40.70703973,37.15849479,244.6897984,74.5162876,72.24429759,199.1574079,17.35811562,135.7625654,12.34503476,248.7631522,0,23.34459892,4.403397828,2.10959347,5.697031542,30.52419296,68.22017063
85,7.051967486,40.883448,7.594207047,15.58774408,23.04916947,28.19279439,43.84683752,21.66109064,7.138613648,16.21195963,50.89560113,52.3792945,42.8818356,28.8199426,69.8592335,39.70706999,85.65388251,53.43796504,40.49969549,65.14283785,111.1775378,634.2007813,9.50975859,174.8087556,61.32359139,52.72897016,65.95545365,442.5002783,35.01115089,107.8755117,34.23789663,83.15323857,57.27312078,149.2926315,195.6309135,85.73088587,38.54001102,44.54429089,40.19601659,40.14080868,74.06778787,77.36827855,77.2100484,79.40715086,45.06031751,280.649483,91.46198991,89.68928069,474.6978953,19.02465561,138.0848563,13.17357106,232.3885179,16.12176441,0,7.072108516,3.394417779,8.427487354,52.99499841,78.37859702
86,7.378305776,43.10905564,7.919485292,16.41164247,24.52780276,30.42121208,49.67767244,20.72543398,6.680375463,13.21599745,41.04392193,102.2051397,218.4671585,83.01201397,143.1287331,89.61357634,172.9080672,124.2785288,109.1545637,118.9672004,130.977964,1006.223291,6.106325187,94.08895894,35.2367207,67.0502044,13.44924297,72.93482744,16.70399306,55.66905429,28.49168942,57.56974773,64.36506117,138.0347748,206.7461708,79.23722945,35.6162272,37.27222766,31.50423478,27.17364292,47.21965187,61.88890008,46.81082243,30.79908676,27.11840962,131.3335732,46.69924154,36.33004343,128.1740636,8.393004636,33.17973207,4.05431286,37.32657613,4.095704462,9.524966339,0,3.703490937,6.673690525,26.48766618,38.88958809
87,6.373537168,39.28836271,6.693659881,14.79916417,23.92105681,33.24117891,96.27624916,20.07327687,5.541510937,9.773397652,31.73204281,34.1466308,23.53746169,15.21612335,35.31674842,20.35942816,43.80216269,27.78683034,21.12662381,35.13807208,48.18783197,291.359531,3.922713034,50.5654962,23.41108302,31.36739048,6.995515906,35.46907719,6.674383114,22.610466,11.18346136,23.12858233,22.72631859,51.17078806,69.83864515,30.59193762,13.95514728,14.79413812,12.67570821,10.9623354,19.0433249,24.09875224,19.32977739,12.9853582,11.19289777,57.29968318,19.98316265,16.12190313,55.71240506,3.732145132,15.32603599,1.964866818,18.10923883,1.985704369,4.626525482,3.74788639,0,2.71151946,11.22617952,17.06856501
88,3.976054811,22.77112391,4.304351738,8.702364918,12.65801834,15.16454507,22.04321708,9.869906972,3.399954063,6.532848393,19.70450823,30.40758608,26.57526814,21.15327875,63.29809323,36.99254112,84.32469635,47.81095151,33.05037635,48.41026665,58.14076576,750.1202525,3.576703223,50.51968895,17.44794645,26.62981335,10.45222384,56.68893352,8.977574617,42.61661217,18.37353327,47.94306501,45.69133865,148.3313619,210.4045439,144.2648899,85.91995054,193.3310921,393.2519939,129.0883526,140.086742,89.60071446,48.20039839,39.52467089,57.72888314,175.0328711,63.58197301,43.59451495,122.2761714,9.801988272,34.47691177,3.863345245,32.92520209,3.553382347,7.611412729,4.475264337,1.796760632,0,46.60942058,62.33878471
89,12.56477678,72.45770376,13.56173016,27.65437972,40.5982964,49.20393767,74.21478652,32.83975114,11.05437323,23.33262424,71.47026966,100.8041821,85.33964407,57.21939978,164.0841106,95.20075598,216.5057726,123.7051391,94.0745993,156.8260465,222.8380222,1887.420681,13.63201059,213.9615203,76.83696732,97.14718089,53.50823917,320.0226116,38.99714274,209.5576475,92.36375312,270.8961466,155.2579476,535.5617585,643.4387971,418.1978716,169.5638438,218.4031017,193.1399281,241.6140624,605.4390768,578.2323783,458.8800879,452.7494936,204.3789597,1018.453534,525.7562035,305.3565188,859.7798456,42.79320352,175.1954636,16.45742216,152.7228123,15.0536198,37.84473622,14.04428907,5.881836078,36.85336432,0,259.0556416
90,38.81790191,221.956958,42.05229593,84.8504527,123.1569157,147.1568043,212.1718963,103.2373565,35.83613457,74.56725682,226.3669743,267.7506654,234.0602638,164.2094109,446.088663,250.4568567,563.7681781,324.6617569,245.2998956,382.4953392,538.9126748,4518.517353,43.50124415,647.8445643,234.3105867,249.5106769,151.7735731,863.4026006,114.9855073,548.5539892,196.1202251,515.4493247,341.7964505,1027.575411,1385.789286,748.8048147,360.7310342,533.6950913,477.3534894,523.1793771,1074.693949,762.3230941,641.1746869,537.2816866,1351.964019,15601.95251,1915.677075,1570.640611,2055.120513,263.7873682,846.60807,71.76921273,697.3585448,65.46493202,108.9098729,40.1225545,17.40111638,95.90934717,504.0715909,0